id,nachname,email,version
1000,Müller,mueller@example.de,0
1001,Schmidt,schmidt@example.de,0
1002,Fischer,fischer@example.de,0
1003,Weber,weber@example.de,0
1004,Wagner,wagner@example.de,0
1005,Becker,becker@example.de,0
1006,Schulz,schulz@example.de,0
1007,Hoffmann,hoffmann@example.de,0
1008,Müller,anna.mueller@example.de,0
1009,Schmidt,hans.schmidt@example.de,0
1010,Fischer,petra.fischer@example.de,0
1011,Meyer,meyer@example.de,0
1012,Braun,braun@example.de,0
1013,Klein,klein@example.de,0
1014,Wolf,wolf@example.de,0
